P1c,rpm,AFR,P1t,P2c,fuel,fuel rate
79.09227708,1000,19,170,170,,
78.67685742,1100,19.6,192,192,,
78.03438164,1200,20.5,219,219,,
77.35615036,1300,20.5,240,240,,
76.87776683,1400,19.3,247,247,,
76.49915223,1500,19.5,249,249,,
76.12326663,1600,19.5,250,250,,
75.66740843,1700,19.5,252,252,,
74.95635525,1800,20.1,260,260,,
74.32880805,1900,21,264,264,,
