NT,WT,PRT,ETAT
30000,2.5,4.666666667,70
30000,3.75,4,80
30000,5,2.666666667,75
60000,5,13.33333333,80
60000,7.5,12,85
60000,10,10,80
